<?xml version="1.0" encoding="UTF-8"?>
<project-private xmlns="http://www.netbeans.org/ns/project-private/1">
    <editor-bookmarks xmlns="http://www.netbeans.org/ns/editor-bookmarks/2" lastBookmarkId="0"/>
    <open-files xmlns="http://www.netbeans.org/ns/projectui-open-files/2">
        <group>
            <file>file:/C:/Users/samue/IdeaProjects/TPSIT_ChatSocket/projectFiles/src/client/LoggedIndex.java</file>
            <file>file:/C:/Users/samue/IdeaProjects/TPSIT_ChatSocket/projectFiles/src/server/serverGUI.java</file>
            <file>file:/C:/Users/samue/IdeaProjects/TPSIT_ChatSocket/projectFiles/src/client/Login.java</file>
            <file>file:/C:/Users/samue/IdeaProjects/TPSIT_ChatSocket/projectFiles/src/client/SignUp.java</file>
            <file>file:/C:/Users/samue/IdeaProjects/TPSIT_ChatSocket/projectFiles/src/client/style/ScrollPaneWin11.java</file>
            <file>file:/C:/Users/samue/IdeaProjects/TPSIT_ChatSocket/projectFiles/src/client/style/ScrollBarWin11UI.java</file>
            <file>file:/C:/Users/samue/IdeaProjects/TPSIT_ChatSocket/projectFiles/src/client/style/SimpleButtonBar.java</file>
            <file>file:/C:/Users/samue/IdeaProjects/TPSIT_ChatSocket/projectFiles/src/client/style/PolygonCorner.java</file>
        </group>
    </open-files>
</project-private>
